folder,id,display_name,description,type,units,domain,labels,calculation,commonly_used,forms
Administrative,final_visit,Final visit month,,choices,,finalvisitnumber,,,TRUE,
Administrative,nsrrid,NSRR Subject Identifier,The National Sleep Research Resource (NSRR) subject identifier links the subject's data and files.,identifier,,,,,TRUE,
Administrative,pooled_treatmentarm,Pooled treatment arm,,choices,,pooledtreatmentarm,randomization,,TRUE,
Administrative,rand_manufacturer,Device manufacturer,,choices,,manufacturer,randomization,,TRUE,
Administrative,rand_treatmentarm,Treatment arm,"CMT consisted of education on sleep hygiene, healthy lifestyle, and nasal dilator strips for use during sleep. ME consisted of a behavioral intervention to improve CPAP adherence, as described in [Bakker et al.2017 (PMCID: PMC4980541)](https://www.ncbi.nlm.nih.gov/pmc/articles/PMC4980541/).",choices,,treatmentarm,randomization,,TRUE,
Administrative,siteid,Recoded Site ID,Randomized participants were stratified by site. The site location has been recoded because it is an identifier.,choices,,site,,,TRUE,
Administrative,visitnumber,Visit number,,choices,,visitnumber,,,TRUE,
Anthropometry,avgheightcm,Average height,,numeric,centimeters (cm),,,,,anthropometry
Anthropometry,avghipcm,Average hip circumference,,numeric,centimeters (cm),,,,,anthropometry
Anthropometry,avgneckcm,Average neck circumference,,numeric,centimeters (cm),,,,,anthropometry
Anthropometry,avgwaistcm,Average waist circumference,,numeric,centimeters (cm),,,,,anthropometry
Anthropometry,bmi,Body mass index (BMI),,numeric,kilograms per meter squared (kg/m2),,weight,,TRUE,
Clinical Data/Laboratory Tests,bloods_albumin_creatin_ratio,Urine albumin/creatinine ratio (ACR),,numeric,,,,,,
Clinical Data/Laboratory Tests,bloods_bnp,B-type natriuretic peptide (BNP),,numeric,picograms per milliliter (pg/mL),,,,,
Clinical Data/Laboratory Tests,bloods_creactivepro,C-Reactive protein (CRP),,numeric,milligrams per liter (mg/L),,,,,
Clinical Data/Laboratory Tests,bloods_fibrinactivity,Fibrinogen activity,,numeric,milligrams per deciliter (mg/dL),,,,,
Clinical Data/Laboratory Tests,bloods_gfr,Glomerular filtration rate (GFR),,numeric,milliliters per minute per 1.73 meters squared (mL/min per 1.73 m2),,,,,
Clinical Data/Laboratory Tests,bloods_hdlchol,High-density lipoproteins (HDL) cholesterol,,numeric,milligrams per deciliter (mg/dL),,,,TRUE,
Clinical Data/Laboratory Tests,bloods_hemoa1c,Glycated hemoglobin (HbA1c),,numeric,percent (%),,,,TRUE,
Clinical Data/Laboratory Tests,bloods_il6,Interleukin 6 (IL-6),,numeric,picograms per milliliter (pg/mL),,,,,
Clinical Data/Laboratory Tests,bloods_insulinfast,Fasting insulin,,numeric,milli-international units per milliliter (uIU/mL),,,,TRUE,
Clinical Data/Laboratory Tests,bloods_ldlcholcalc,Low-density lipoproteins (LDL) cholesterol,,numeric,milligrams per deciliter (mg/dL),,,,TRUE,
Clinical Data/Laboratory Tests,bloods_pai1,Plasminogen activator inhibitor-1 (PAI-1),,numeric,nanograms per milliliter (ng/mL),,,,,
Clinical Data/Laboratory Tests,bloods_serumcreatin,Serum creatinine,,numeric,milligrams per deciliter (mg/dL),,,,,
Clinical Data/Laboratory Tests,bloods_serumgluc,Serum glucose,,numeric,milligrams per deciliter (mg/dL),,,,,
Clinical Data/Laboratory Tests,bloods_totalchol,Total cholesterol,,numeric,milligrams per deciliter (mg/dL),,,,TRUE,
Clinical Data/Laboratory Tests,bloods_triglyc,Triglycerides,,numeric,milligrams per deciliter (mg/dL),,,,,
Clinical Data/Laboratory Tests,bloods_urinecreatin,Urine creatinine,,numeric,milligrams per deciliter (mg/dL),,,,,
Clinical Data/Laboratory Tests,bloods_urinemicro,Urine microalbumin,,numeric,micrograms per milliliter (ug/mL),,,,,
Clinical Data/Laboratory Tests,bloods_vldlcholcal,Very low-density lipoproteins (VLDL) cholesterol,,numeric,milligrams per deciliter (mg/dL),,,,,
Clinical Data/Vital Signs/Ambulatory Blood Pressure,bp24dbpweight,Weighted average of diastolic blood pressure (DBP),,numeric,millimeters of mercury (mmHg),,"hypertension, high blood pressure",,TRUE,
Clinical Data/Vital Signs/Ambulatory Blood Pressure,bp24mapweight,Weighted average of mean arterial pressure (MAP),,numeric,millimeters of mercury (mmHg),,"hypertension, high blood pressure",,TRUE,
Clinical Data/Vital Signs/Ambulatory Blood Pressure,bp24sbpweight,Weighted average of systolic blood pressure (SBP),,numeric,millimeters of mercury (mmHg),,"hypertension, high blood pressure",,TRUE,
Clinical Data/Vital Signs/Ambulatory Blood Pressure,dianondipping,Presence of diastolic blood pressure (DBP) dipping,,choices,,noyes,,,,
Clinical Data/Vital Signs/Ambulatory Blood Pressure,endsleep,Sleep end time,,time,,,,,,
Clinical Data/Vital Signs/Ambulatory Blood Pressure,endtime,End time,,time,,,,,,
Clinical Data/Vital Signs/Ambulatory Blood Pressure,heartnondipping,Presence of heart rate dipping,,choices,,noyes,,,,
Clinical Data/Vital Signs/Ambulatory Blood Pressure,mapnondipping,Presence of mean arterial pressure dipping,,choices,,noyes,,,,
Clinical Data/Vital Signs/Ambulatory Blood Pressure,nreadings,Number of readings,,integer,,,,,,
Clinical Data/Vital Signs/Ambulatory Blood Pressure,nsleep,Number of sleep readings,,integer,,,,,,
Clinical Data/Vital Signs/Ambulatory Blood Pressure,nvalid,Number of valid readings,,integer,,,,,,
Clinical Data/Vital Signs/Ambulatory Blood Pressure,nwake,Number of awake readings,,integer,,,,,,
Clinical Data/Vital Signs/Ambulatory Blood Pressure,pctvalid,Percent valid readings,,numeric,percent (%),,,,,
Clinical Data/Vital Signs/Ambulatory Blood Pressure,startsleep,Sleep start time,,time,,,,,,
Clinical Data/Vital Signs/Ambulatory Blood Pressure,starttime,Start time,,time,,,,,,
Clinical Data/Vital Signs/Ambulatory Blood Pressure,sysnondipping,Presence of systolic blood pressure (SBP) dipping,,choices,,noyes,,,,
Clinical Data/Vital Signs/Seated Blood Pressure,avgseateddiastolic,Average seated diastolic blood pressure (DBP),,numeric,millimeters of mercury (mmHg),,,,TRUE,blood_pressure_and_radial_pulse_form
Clinical Data/Vital Signs/Seated Blood Pressure,avgseatedpulse,Average seated radial pulse rate,,numeric,beats per minute (bpm),,,,,blood_pressure_and_radial_pulse_form
Clinical Data/Vital Signs/Seated Blood Pressure,avgseatedsystolic,Average seated systolic blood pressure (SBP),,numeric,millimeters of mercury (mmHg),,,,TRUE,blood_pressure_and_radial_pulse_form
Demographics,age,Age at visit,,integer,years,,,,TRUE,eligibility
Demographics,ethnicity,Ethnicity,,choices,,ethnicity,,,TRUE,eligibility
Demographics,gender,Gender,,choices,,gender,,,TRUE,eligibility
Demographics,race,Race,,choices,,race,,,TRUE,eligibility
Clinical Data/Diagnostic Studies/Echocardiography,a4crveda,Apical 4 chamber view: Right ventricular end-diastolic area (RV - EDA),,numeric,centimeters squared (cm2),,,,,
Clinical Data/Diagnostic Studies/Echocardiography,a4crvesa,Apical 4 chamber view: Right ventricular end-systolic area (RV - ESA),,numeric,centimeters squared (cm2),,,,,
Clinical Data/Diagnostic Studies/Echocardiography,awave,Peak A wave velocity,,numeric,centimeters per second (cm/sec),,,,,
Clinical Data/Diagnostic Studies/Echocardiography,eeprimelat,Ratio of early mitral inflow velocity to lateral mitral annular early diastolic velocity (E/E' Lateral) ,,numeric,,,,,,
Clinical Data/Diagnostic Studies/Echocardiography,ewave,Peak E wave velocity,,numeric,centimeters per second (cm/sec),,,,,
Clinical Data/Diagnostic Studies/Echocardiography,iasep,Interatrial septum status,,choices,,iasep,,,,
Clinical Data/Diagnostic Studies/Echocardiography,ivs,Parasternal long axis view: Interventricular septum thickness,,numeric,centimeters (cm),,,,,
Clinical Data/Diagnostic Studies/Echocardiography,lav,Left atrial volume (LAV),,numeric,milliliters (mL),,,,,
Clinical Data/Diagnostic Studies/Echocardiography,lavi,Left atrial volume index (LAVI),,numeric,milliliters per meter squared (mL/m2),,,,,
Clinical Data/Diagnostic Studies/Echocardiography,lvedd,Parasternal long axis view: Left ventricular end-diastolic diameter (LV - EDD),,numeric,centimeters (cm),,,,,
Clinical Data/Diagnostic Studies/Echocardiography,lvedv,End-diastolic volume (EDV),,numeric,milliliters (mL),,,,,
Clinical Data/Diagnostic Studies/Echocardiography,lvef,Ejection fraction (EF),,numeric,percent (%),,,,,
Clinical Data/Diagnostic Studies/Echocardiography,lvesd,Parasternal long axis view: Left ventricular end-systolic diameter (LV - ESD),,numeric,centimeters (cm),,,,,
Clinical Data/Diagnostic Studies/Echocardiography,lvesv,End-systolic volume (ESV),,numeric,milliliters (mL),,,,,
Clinical Data/Diagnostic Studies/Echocardiography,lvm,Left ventricular mass (LVM),,numeric,grams (g),,,,,
Clinical Data/Diagnostic Studies/Echocardiography,lvmi,Left ventricular mass index (LVMI),,numeric,grams per meter squared (g/m2),,,,,
Clinical Data/Diagnostic Studies/Echocardiography,pfo,Interatrial shunt,,choices,,noyes,,,,
Clinical Data/Diagnostic Studies/Echocardiography,pvr,Pulmonary vascular resistance,,numeric,wood,,,,,
Clinical Data/Diagnostic Studies/Echocardiography,pw,Parasternal long axis view: Posterior wall thickness (PWT),,numeric,centimeters (cm),,,,,
Clinical Data/Diagnostic Studies/Echocardiography,rvfac,Right ventricular fractional area change (RVFAC),,numeric,,,,,,
Clinical Data/Diagnostic Studies/Echocardiography,rvotvti,Right ventricular outflow tract (RVOT) velocity time integral (VTI),,numeric,centimeters (cm),,,,,
Harmonized/Anthropometry,nsrr_bmi,Body mass index (BMI),"Harmonized by the NSRR team to align with <a href=""https://github.com/UW-GAC/topmed-dcc-harmonized-phenotypes"" target=""_blank"">TOPMed</a> and <a href=""https://github.com/uc-cdis/gtex-dictionary/tree/master/gdcdictionary/schemas/"" target=""_blank"">BioDataCatalyst standards</a>. Source: :bmi: at Baseline",numeric,kilograms per square meter,,bmi_baseline_1,,TRUE,
Harmonized/Clinical Data,nsrr_bp_diastolic,Diastolic blood pressure,"Average resting diastolic blood pressure of three measurements collected from the upper arm in a single clinic visit. In cases where either of the measurements was missing, the average was calculated discarding the missing value. <br><br>Harmonized by the NSRR team to align with <a href=""https://github.com/UW-GAC/topmed-dcc-harmonized-phenotypes"" target=""_blank"">TOPMed</a> and <a href=""https://github.com/uc-cdis/gtex-dictionary/tree/master/gdcdictionary/schemas/"" target=""_blank"">BioDataCatalyst standards</a>. Source: :avgseateddiastolic: at Baseline",numeric,millimeters of mercury,,bp_diastolic,,TRUE,
Harmonized/Clinical Data,nsrr_bp_systolic,Systolic blood pressure,"Average resting systolic blood pressure of three measurements collected from the upper arm in a single clinic visit. In cases where either of the measurements was missing, the average was calculated discarding the missing value. <br><br>Harmonized by the NSRR team to align with <a href=""https://github.com/UW-GAC/topmed-dcc-harmonized-phenotypes"" target=""_blank"">TOPMed</a> and <a href=""https://github.com/uc-cdis/gtex-dictionary/tree/master/gdcdictionary/schemas/"" target=""_blank"">BioDataCatalyst standards</a>. Source: :avgseatedsystolic: at Baseline",numeric,millimeters of mercury,,bp_systolic,,TRUE,
Harmonized/Demographics,nsrr_age,Subject age,"Harmonized by the NSRR team to align with <a href=""https://github.com/UW-GAC/topmed-dcc-harmonized-phenotypes"" target=""_blank"">TOPMed</a> and <a href=""https://github.com/uc-cdis/gtex-dictionary/tree/master/gdcdictionary/schemas/"" target=""_blank"">BioDataCatalyst standards</a>. Source: :age: at Baseline",numeric,years,,age_at_index ,,TRUE,
Harmonized/Demographics,nsrr_age_gt89,Indicates whether the subject's age (in years) used during date obfuscation is greater than 89 years,"Harmonized by the NSRR team to align with <a href=""https://github.com/UW-GAC/topmed-dcc-harmonized-phenotypes"" target=""_blank"">TOPMed</a> and <a href=""https://github.com/uc-cdis/gtex-dictionary/tree/master/gdcdictionary/schemas/"" target=""_blank"">BioDataCatalyst standards</a>. Source: :age: at Baseline",choices,,nsrr_age_gt89,age_at_index_gt89,,TRUE,
Harmonized/Demographics,nsrr_ethnicity,Subject ethnicity,"Original missing value is recoded as ""not reported"". <br><br> Harmonized by the NSRR team to align with <a href=""https://github.com/UW-GAC/topmed-dcc-harmonized-phenotypes"" target=""_blank"">TOPMed</a> and <a href=""https://github.com/uc-cdis/gtex-dictionary/tree/master/gdcdictionary/schemas/"" target=""_blank"">BioDataCatalyst standards</a>. Source: :ethnicity:",choices,,nsrr_ethnicity,ethnicity,,TRUE,
Harmonized/Demographics,nsrr_race,Subject race,"Harmonized by the NSRR team to align with <a href=""https://github.com/UW-GAC/topmed-dcc-harmonized-phenotypes"" target=""_blank"">TOPMed</a> and <a href=""https://github.com/uc-cdis/gtex-dictionary/tree/master/gdcdictionary/schemas/"" target=""_blank"">BioDataCatalyst standards</a>. Source: :race:",choices,,nsrr_race,race,,TRUE,
Harmonized/Demographics,nsrr_sex,Subject sex,"Harmonized by the NSRR team to align with <a href=""https://github.com/UW-GAC/topmed-dcc-harmonized-phenotypes"" target=""_blank"">TOPMed</a> and <a href=""https://github.com/uc-cdis/gtex-dictionary/tree/master/gdcdictionary/schemas/"" target=""_blank"">BioDataCatalyst standards</a>. Source: :gender:",choices,,nsrr_sex,annotated_sex,,TRUE,
Harmonized/Lifestyle and Behavioral Health,nsrr_ever_smoker,Ever smoked cigarettes,"Indicates whether subject ever regularly smoked cigarettes.No means less than 20 packs in a lifetime or less than 1 cigarette for 1 year. <br><br>Harmonized by the NSRR team to align with <a href=""https://github.com/UW-GAC/topmed-dcc-harmonized-phenotypes"" target=""_blank"">TOPMed</a> and <a href=""https://github.com/uc-cdis/gtex-dictionary/tree/master/gdcdictionary/schemas/"" target=""_blank"">BioDataCatalyst standards</a>. Source:  :shq_eversmoked: at Baseline",choices,,nsrr_ever_smoker,ever_smoker_baseline  ,,TRUE,
General Health/Medical Outcomes Study Short Form (SF-36),agg_ment,Aggregated raw mental score,From 36-Item Short Form Survey (SF-36),numeric,,,mossf36,,,medical_outcomes_survey
General Health/Medical Outcomes Study Short Form (SF-36),agg_phys,Aggregated raw physical score,From 36-Item Short Form Survey (SF-36),numeric,,,mossf36,,,medical_outcomes_survey
General Health/Medical Outcomes Study Short Form (SF-36),bp_norm,Body pain index normal score,From 36-Item Short Form Survey (SF-36),numeric,,,mossf36;mossf36_bpscore,,,medical_outcomes_survey
General Health/Medical Outcomes Study Short Form (SF-36),gh_norm,General health index normal score,From 36-Item Short Form Survey (SF-36),numeric,,,mossf36,,,medical_outcomes_survey
General Health/Medical Outcomes Study Short Form (SF-36),mh_norm,Mental health index normal score,From 36-Item Short Form Survey (SF-36),numeric,,,mossf36,,,medical_outcomes_survey
General Health/Medical Outcomes Study Short Form (SF-36),pf_norm,Physical functioning index normal score,From 36-Item Short Form Survey (SF-36),numeric,,,mossf36;mossf36_pfscore,,,medical_outcomes_survey
General Health/Medical Outcomes Study Short Form (SF-36),re_norm,Role-emotional index normal score,From 36-Item Short Form Survey (SF-36),numeric,,,mossf36;mossf36_rescore,,,medical_outcomes_survey
General Health/Medical Outcomes Study Short Form (SF-36),rp_norm,Role-physical index normal score,From 36-Item Short Form Survey (SF-36),numeric,,,mossf36;mossf36_rpscore,,,medical_outcomes_survey
General Health/Medical Outcomes Study Short Form (SF-36),sf36_mcs,Standardized mental score,From 36-Item Short Form Survey (SF-36),numeric,,,mossf36;mossf36_mcs,,,medical_outcomes_survey
General Health/Medical Outcomes Study Short Form (SF-36),sf36_pcs,Standardized physical score,From 36-Item Short Form Survey (SF-36),numeric,,,mossf36;mossf36_pcs,,,medical_outcomes_survey
General Health/Medical Outcomes Study Short Form (SF-36),sf_norm,Social functioning index normal score,From 36-Item Short Form Survey (SF-36),numeric,,,mossf36;mossf36_sfscore,,,medical_outcomes_survey
General Health/Medical Outcomes Study Short Form (SF-36),vt_norm,Vitality index normal score,From 36-Item Short Form Survey (SF-36),numeric,,,mossf36;mossf36_vtscore,,,medical_outcomes_survey
Sleep Questionnaires/Calgary Sleep Apnea Quality of Life Index (Calgary SAQLI),cal_total,Total score of the Calgary Sleep Apnea Quality of Life Index (SAQLI),,numeric,,,csaqli,,TRUE,calgary
Sleep Questionnaires/Hypersomnia/Epworth Sleepiness Scale (ESS),ess1,Epworth Sleepiness Scale: Chance of dozing while sitting and reading,Item from the Epworth Sleepiness Scale [Johns MW 1991 (PubMed ID: 1798888)](https://www.ncbi.nlm.nih.gov/pubmed/1798888)<br><br> [Search for all ESS variables within this dataset](https://sleepdata.org/datasets/bestair/variables?search=epworth),choices,,epworth,ess_1sitread;epworth,,,epworth_sleepiness_scale
Sleep Questionnaires/Hypersomnia/Epworth Sleepiness Scale (ESS),ess2,Epworth Sleepiness Scale: Chance of dozing while watching TV,Item from the Epworth Sleepiness Scale [Johns MW 1991 (PubMed ID: 1798888)](https://www.ncbi.nlm.nih.gov/pubmed/1798888)<br><br> [Search for all ESS variables within this dataset](https://sleepdata.org/datasets/bestair/variables?search=epworth),choices,,epworth,ess_2watchingtv;epworth,,,epworth_sleepiness_scale
Sleep Questionnaires/Hypersomnia/Epworth Sleepiness Scale (ESS),ess3,"Epworth Sleepiness Scale: Chance of dozing while sitting, inactive in a public place",Item from the Epworth Sleepiness Scale [Johns MW 1991 (PubMed ID: 1798888)](https://www.ncbi.nlm.nih.gov/pubmed/1798888)<br><br> [Search for all ESS variables within this dataset](https://sleepdata.org/datasets/bestair/variables?search=epworth),choices,,epworth,ess_3sitinactive;epworth,,,epworth_sleepiness_scale
Sleep Questionnaires/Hypersomnia/Epworth Sleepiness Scale (ESS),ess4,Epworth Sleepiness Scale: Chance of dozing as a passenger in a car for an hour without a break,Item from the Epworth Sleepiness Scale [Johns MW 1991 (PubMed ID: 1798888)](https://www.ncbi.nlm.nih.gov/pubmed/1798888)<br><br> [Search for all ESS variables within this dataset](https://sleepdata.org/datasets/bestair/variables?search=epworth),choices,,epworth,ess_4passenger;epworth,,,epworth_sleepiness_scale
Sleep Questionnaires/Hypersomnia/Epworth Sleepiness Scale (ESS),ess5,Epworth Sleepiness Scale: Chance of dozing while lying down in the afternoon when circumstances permit,Item from the Epworth Sleepiness Scale [Johns MW 1991 (PubMed ID: 1798888)](https://www.ncbi.nlm.nih.gov/pubmed/1798888)<br><br> [Search for all ESS variables within this dataset](https://sleepdata.org/datasets/bestair/variables?search=epworth),choices,,epworth,ess_5lyingdown;epworth,,,epworth_sleepiness_scale
Sleep Questionnaires/Hypersomnia/Epworth Sleepiness Scale (ESS),ess6,Epworth Sleepiness Scale: Chance of dozing while sitting and talking to someone,Item from the Epworth Sleepiness Scale [Johns MW 1991 (PubMed ID: 1798888)](https://www.ncbi.nlm.nih.gov/pubmed/1798888)<br><br> [Search for all ESS variables within this dataset](https://sleepdata.org/datasets/bestair/variables?search=epworth),choices,,epworth,ess_6sittalk;epworth,,,epworth_sleepiness_scale
Sleep Questionnaires/Hypersomnia/Epworth Sleepiness Scale (ESS),ess7,Epworth Sleepiness Scale: Chance of dozing while sitting quietly after lunch without alcohol,Item from the Epworth Sleepiness Scale [Johns MW 1991 (PubMed ID: 1798888)](https://www.ncbi.nlm.nih.gov/pubmed/1798888)<br><br> [Search for all ESS variables within this dataset](https://sleepdata.org/datasets/bestair/variables?search=epworth),choices,,epworth,ess_7afterlunch;epworth,,,epworth_sleepiness_scale
Sleep Questionnaires/Hypersomnia/Epworth Sleepiness Scale (ESS),ess8,"Epworth Sleepiness Scale: Chance of dozing while in a car, while stopped for a few minutes in traffic",Item from the Epworth Sleepiness Scale [Johns MW 1991 (PubMed ID: 1798888)](https://www.ncbi.nlm.nih.gov/pubmed/1798888)<br><br> [Search for all ESS variables within this dataset](https://sleepdata.org/datasets/bestair/variables?search=epworth),choices,,epworth,ess_8stoppedcar;epworth,,,epworth_sleepiness_scale
Sleep Questionnaires/Hypersomnia,ess_total,Total score of Epworth Sleepiness Scale (ESS),Calculated - Total score based on an 8-item questionnaires ranking likelihood of dozing off [Johns MW 1991 (PubMed ID: 1798888)](https://www.ncbi.nlm.nih.gov/pubmed/1798888). Scale 0-3 for individual items; 0 to 24 for overall score. <br><br>[Search for all ESS variables within this dataset](https://sleepdata.org/datasets/bestair/variables?search=epworth),integer,,,ess_total;epworth,,TRUE,epworth_sleepiness_scale
Medical History/Family History,shq_famchiapnea,Any children have had sleep apnea,,choices,,noyesdontknow,,,,health_and_medical_history
Medical History/Family History,shq_famchiheart,Any children have had heart attack,,choices,,noyesdontknow,,,,health_and_medical_history
Medical History/Family History,shq_famchistroke,Any children have had stroke,,choices,,noyesdontknow,,,,health_and_medical_history
Medical History/Family History,shq_famparapnea,Any parents have had sleep apnea,,choices,,noyesdontknow,,,,health_and_medical_history
Medical History/Family History,shq_famparheart,Any parents have had heart attack,,choices,,noyesdontknow,,,,health_and_medical_history
Medical History/Family History,shq_famparstroke,Any parents have had stroke,,choices,,noyesdontknow,,,,health_and_medical_history
Medical History/Family History,shq_famsibapnea,Any siblings have had sleep apnea,,choices,,noyesdontknow,,,,health_and_medical_history
Medical History/Family History,shq_famsibheart,Any siblings have had heart attack,,choices,,noyesdontknow,,,,health_and_medical_history
Medical History/Family History,shq_famsibstroke,Any siblings have had stroke,,choices,,noyesdontknow,,,,health_and_medical_history
Medical History,shq_add_adhd,Self-reported physician diagnosis of attention deficit hyperactivity disorder (ADD/ADHD),,choices,,noyesdontknow,,,,health_and_medical_history
Medical History,shq_anxietydisorder,Self-reported physician diagnosis of anxiety disorder,,choices,,noyesdontknow,,,,health_and_medical_history
Medical History,shq_asthma,Self-reported physician diagnosis of asthma,,choices,,noyesdontknow,,,,health_and_medical_history
Medical History,shq_bloodcancer,Self-reported physician diagnosis of blood cancer/leukemia/lymphoma/other,,choices,,noyesdontknow,,,,health_and_medical_history
Medical History,shq_breastcancer,Self-reported physician diagnosis of breast cancer,,choices,,noyesdontknow,,,,health_and_medical_history
Medical History,shq_cancer,Self-reported physician diagnosis of cancer,,choices,,noyesdontknow,,,,health_and_medical_history
Medical History,shq_chronicbronchitis,Self-reported physician diagnosis of chronic bronchitis,,choices,,noyesdontknow,,,,health_and_medical_history
Medical History,shq_coloncancer,Self-reported physician diagnosis of colon cancer,,choices,,noyesdontknow,,,,health_and_medical_history
Medical History,shq_depression,Self-reported physician diagnosis of depression,,choices,,noyesdontknow,,,,health_and_medical_history
Medical History,shq_diabetes,Self-reported physician diagnosis of diabetes,,choices,,noyesdontknow,,,TRUE,health_and_medical_history
Medical History,shq_diabetesmed,Self-reported medications for diabetes,,choices,,diabmeds,,,TRUE,health_and_medical_history
Medical History,shq_emphysema,Self-reported physician diagnosis of emphysema/COPD,,choices,,noyesdontknow,,,,health_and_medical_history
Medical History,shq_epilepsy,Self-reported physician diagnosis of epilepsy/seizure disorder,,choices,,noyesdontknow,,,,health_and_medical_history
Lifestyle and Behavioral Health,shq_eversmoked,Have ever smoked cigarettes,No means less than 20 packs in a lifetime or less than 1 cigarette for 1 year,choices,,noyes,,,,
Lifestyle and Behavioral Health,shq_eversnored,Have ever snored ,,choices,,noyesdontknow,,,,
Medical History,shq_gerd,Self-reported physician diagnosis of gastroesophageal reflux disease (GERD),,choices,,noyesdontknow,,,,health_and_medical_history
Medical History,shq_highbp,Self-reported physician diagnosis of high blood pressure or hypertension,,choices,,noyesdontknow,,,TRUE,health_and_medical_history
Medical History/Medications,shq_highbpmed,Self-reported medications for high blood pressure/hypertension ,,choices,,noyes,,,TRUE,health_and_medical_history
Medical History,shq_highcholes,Self-reported physician diagnosis of high blood cholesterol,,choices,,noyesdontknow,,,TRUE,health_and_medical_history
Medical History/Medications,shq_highcholesmed,Self-reported medications for high blood cholesterol,,choices,,noyes,,,,health_and_medical_history
Medical History,shq_ibm,Self-reported physician diagnosis of inflammatory bowel disease/ulcerative colitis/Crohn's disease,,choices,,noyesdontknow,,,,health_and_medical_history
Sleep Questionnaires/Sleep Disorder,shq_insomnia,Self-reported physician diagnosis of insomnia,,choices,,noyesdontknow,insomnia,,,health_and_medical_history
Medical History,shq_lungcancer,Self-reported physician diagnosis of lung cancer,,choices,,noyesdontknow,,,,health_and_medical_history
Medical History,shq_migraine,Self-reported physician diagnosis of migraine headaches,,choices,,noyesdontknow,,,,health_and_medical_history
Medical History,shq_ms,Self-reported physician diagnosis of multiple sclerosis,,choices,,noyesdontknow,,,,health_and_medical_history
Medical History,shq_prostatecancer,Self-reported physician diagnosis of prostate cancer,,choices,,noyesdontknow,,,,health_and_medical_history
Medical History,shq_ra,Self-reported physician diagnosis of Rheumatoid Arthritis/Lupus/other collagen vascular disease,,choices,,noyesdontknow,,,,health_and_medical_history
Sleep Questionnaires/Sleep Disorder,shq_restlesslegs,Self-reported physician diagnosis of Restless Legs/Periodic Leg Movements,,choices,,noyesdontknow,rls_plms,,,health_and_medical_history
Medical History,shq_sinus,Self-reported physician diagnosis of sinus problems,,choices,,noyesdontknow,,,,health_and_medical_history
Sleep Questionnaires/Sleep Disturbance/PROMIS Sleep Disturbance,prom_difficulty,PROMIS Sleep Disturbance: Difficulty falling asleep (past 7 days),"Item from the PROMIS Sleep Disturbance instrument. [Yu L et al, 2012 (PMID: 22250775)](https://www.ncbi.nlm.nih.gov/pmc/articles/PMC3261577/)<br><br> [Search for all PROMIS SRI variables within this dataset](https://sleepdata.org/datasets/bestair/variables?search=promissd)",choices,,past7amount,promissd;promissd_04fallaslp,,,promis_sleep_disturbance
Sleep Questionnaires/Sleep Disturbance/PROMIS Sleep Disturbance,prom_enough,PROMIS Sleep Disturbance: Got enough sleep (past 7 days),"Item from the PROMIS Sleep Disturbance instrument. [Yu L et al, 2012 (PMID: 22250775)](https://www.ncbi.nlm.nih.gov/pmc/articles/PMC3261577/)<br><br> [Search for all PROMIS SRI variables within this dataset](https://sleepdata.org/datasets/bestair/variables?search=promissd)",choices,,past7freq,promissd;promissd_07enough,,,promis_sleep_disturbance
Sleep Questionnaires/Sleep Disturbance/PROMIS Sleep Disturbance,prom_quality,PROMIS Sleep Disturbance: Sleep Quality (past 7 days),"Item from the PROMIS Sleep Disturbance instrument. [Yu L et al, 2012 (PMID: 22250775)](https://www.ncbi.nlm.nih.gov/pmc/articles/PMC3261577/)<br><br> [Search for all PROMIS SRI variables within this dataset](https://sleepdata.org/datasets/bestair/variables?search=promissd)",choices,,sleepquality,promissd;promissd_08slpqual,,,promis_sleep_disturbance
Sleep Questionnaires/Sleep Disturbance/PROMIS Sleep Disturbance,prom_refreshing,PROMIS Sleep Disturbance: Sleep was refreshing (past 7 days),"Item from the PROMIS Sleep Disturbance instrument. [Yu L et al, 2012 (PMID: 22250775)](https://www.ncbi.nlm.nih.gov/pmc/articles/PMC3261577/)<br><br> [Search for all PROMIS SRI variables within this dataset](https://sleepdata.org/datasets/bestair/variables?search=promissd)",choices,,past7amount,promissd;promissd_03refresh,,,promis_sleep_disturbance
Sleep Questionnaires/Sleep Disturbance/PROMIS Sleep Disturbance,prom_restless,PROMIS Sleep Disturbance: Sleep was restless (past 7 days),"Item from the PROMIS Sleep Disturbance instrument. [Yu L et al, 2012 (PMID: 22250775)](https://www.ncbi.nlm.nih.gov/pmc/articles/PMC3261577/)<br><br> [Search for all PROMIS SRI variables within this dataset](https://sleepdata.org/datasets/bestair/variables?search=promissd)",choices,,past7amount,promissd;promissd_01restless,,,promis_sleep_disturbance
Sleep Questionnaires/Sleep Disturbance/PROMIS Sleep Disturbance,prom_satisfied,PROMIS Sleep Disturbance: Satisdied with my sleep (past 7 days),"Item from the PROMIS Sleep Disturbance instrument. [Yu L et al, 2012 (PMID: 22250775)](https://www.ncbi.nlm.nih.gov/pmc/articles/PMC3261577/)<br><br> [Search for all PROMIS SRI variables within this dataset](https://sleepdata.org/datasets/bestair/variables?search=promissd)",choices,,past7amount,promissd;promissd_02satisfied,,,promis_sleep_disturbance
Sleep Questionnaires/Sleep Disturbance/PROMIS Sleep Disturbance,prom_sdscale,PROMIS Sleep Disturbance: Total Score,"Calculated - Summary score for the PROMIS Sleep Disturbance instrument. Each item ranges from 1 to 5. The raw score is the sum of 8 items, and the T-score is identified by looking up total raw score in a T-score table. The T-score is categorized as: <55 (none to slight), 55.0 to 59.9 (mild), 60.0 to 69.9 (moderate), and >=70 (severe). [Yu L et al, 2012 (PMID: 22250775)](https://www.ncbi.nlm.nih.gov/pmc/articles/PMC3261577/)<br><br> [Search for all PROMIS SRI variables within this dataset](https://sleepdata.org/datasets/bestair/variables?search=promissd)",integer,,,promissd;promissd_total,,TRUE,promis_sleep_disturbance
Sleep Questionnaires/Sleep Disturbance/PROMIS Sleep Disturbance,prom_sleeping,PROMIS Sleep Disturbance: Difficulty falling asleep (past 7 days),"Item from the PROMIS Sleep Disturbance instrument. [Yu L et al, 2012 (PMID: 22250775)](https://www.ncbi.nlm.nih.gov/pmc/articles/PMC3261577/)<br><br> [Search for all PROMIS SRI variables within this dataset](https://sleepdata.org/datasets/bestair/variables?search=promissd)",choices,,past7freq,promissd;promissd_04fallaslp,,,promis_sleep_disturbance
Sleep Questionnaires/Sleep Disturbance/PROMIS Sleep Disturbance,prom_staying,PROMIS Sleep Disturbance: Trouble staying asleep (past 7 days),"Item from the PROMIS Sleep Disturbance instrument. [Yu L et al, 2012 (PMID: 22250775)](https://www.ncbi.nlm.nih.gov/pmc/articles/PMC3261577/)<br><br> [Search for all PROMIS SRI variables within this dataset](https://sleepdata.org/datasets/bestair/variables?search=promissd)",choices,,past7freq,promissd;promissd_05stayaslp,,,promis_sleep_disturbance
Sleep Questionnaires/Sleep Disturbance/PROMIS Sleep Related Impairment,prom_alert,PROMIS Sleep-Related Impairment: Felt alert when wake up (past 7 days),"Item from the PROMIS Sleep Related Impairment instrument. [Yu L et al, 2012 (PMID: 22250775)](https://www.ncbi.nlm.nih.gov/pmc/articles/PMC3261577/)<br><br> [Search for all PROMIS SRI variables within this dataset](https://sleepdata.org/datasets/bestair/variables?search=promissri)",choices,,past7amount,promissri;promissri_02alert,,,promis_sleep_related_impairment
Sleep Questionnaires/Sleep Disturbance/PROMIS Sleep Related Impairment,prom_concentrating,PROMIS Sleep-Related Impairment: Had a hard time concentrating because of poor sleep (past 7 days),"Item from the PROMIS Sleep Related Impairment instrument. [Yu L et al, 2012 (PMID: 22250775)](https://www.ncbi.nlm.nih.gov/pmc/articles/PMC3261577/)<br><br> [Search for all PROMIS SRI variables within this dataset](https://sleepdata.org/datasets/bestair/variables?search=promissri)",choices,,past7amount,promissri;promissri_05concentrate,,,promis_sleep_related_impairment
Sleep Questionnaires/Sleep Disturbance/PROMIS Sleep Related Impairment,prom_daytime,PROMIS Sleep-Related Impairment: Sleepy during the daytime (past 7 days),"Item from the PROMIS Sleep Related Impairment instrument. [Yu L et al, 2012 (PMID: 22250775)](https://www.ncbi.nlm.nih.gov/pmc/articles/PMC3261577/)<br><br> [Search for all PROMIS SRI variables within this dataset](https://sleepdata.org/datasets/bestair/variables?search=promissri)",choices,,past7amount,promissri;promissri_07dayslp,,,promis_sleep_related_impairment
Sleep Questionnaires/Sleep Disturbance/PROMIS Sleep Related Impairment,prom_irritable,PROMIS Sleep-Related Impairment: Felt irritable because of poor sleep (past 7 days),"Item from the PROMIS Sleep Related Impairment instrument. [Yu L et al, 2012 (PMID: 22250775)](https://www.ncbi.nlm.nih.gov/pmc/articles/PMC3261577/)<br><br> [Search for all PROMIS SRI variables within this dataset](https://sleepdata.org/datasets/bestair/variables?search=promissri)",choices,,past7amount,promissri;promissri_06irritable,,,promis_sleep_related_impairment
Sleep Questionnaires/Sleep Disturbance/PROMIS Sleep Related Impairment,prom_problems,PROMIS Sleep-Related Impairment: Had problems during the day because of poor sleep (past 7 days),"Item from the PROMIS Sleep Related Impairment instrument. [Yu L et al, 2012 (PMID: 22250775)](https://www.ncbi.nlm.nih.gov/pmc/articles/PMC3261577/)<br><br> [Search for all PROMIS SRI variables within this dataset](https://sleepdata.org/datasets/bestair/variables?search=promissri)",choices,,past7amount,promissri;promissri_04dayprobs,,,promis_sleep_related_impairment
Sleep Questionnaires/Sleep Disturbance/PROMIS Sleep Related Impairment,prom_sriscale,PROMIS Sleep-Related Impairment: Total Score,"Summary score for the PROMIS Sleep-Related Impairment instrument. Each item ranges from 1 to 5. The total score is derived by summing all 8 items and divided by the number of answered items. Higher score indicates more severe sleep related impairment.[Yu L et al, 2012 (PMID: 22250775)](https://www.ncbi.nlm.nih.gov/pmc/articles/PMC3261577/)<br><br> [Search for all PROMIS SRI variables within this dataset](https://sleepdata.org/datasets/bestair/variables?search=promissri)",integer,,,promissri;promissri_total,,TRUE,promis_sleep_related_impairment
Sleep Questionnaires/Sleep Disturbance/PROMIS Sleep Related Impairment,prom_stayawake,PROMIS Sleep-Related Impairment: Trouble staying awake during the day (past 7 days),"Item from the PROMIS Sleep Related Impairment instrument. [Yu L et al, 2012 (PMID: 22250775)](https://www.ncbi.nlm.nih.gov/pmc/articles/PMC3261577/)<br><br> [Search for all PROMIS SRI variables within this dataset](https://sleepdata.org/datasets/bestair/variables?search=promissri)",choices,,past7amount,promissri;promissri_08stayawake,,,promis_sleep_related_impairment
Sleep Questionnaires/Sleep Disturbance/PROMIS Sleep Related Impairment,prom_thingsdone,PROMIS Sleep-Related Impairment: Had a hard time getting things done because sleepy (past 7 days),"Item from the PROMIS Sleep Related Impairment instrument. [Yu L et al, 2012 (PMID: 22250775)](https://www.ncbi.nlm.nih.gov/pmc/articles/PMC3261577/)<br><br> [Search for all PROMIS SRI variables within this dataset](https://sleepdata.org/datasets/bestair/variables?search=promissri)",choices,,past7amount,promissri;promissri_01done,,,promis_sleep_related_impairment
Sleep Questionnaires/Sleep Disturbance/PROMIS Sleep Related Impairment,prom_tired,PROMIS Sleep-Related Impairment: Felt tired (past 7 days),"Item from the PROMIS Sleep Related Impairment instrument. [Yu L et al, 2012 (PMID: 22250775)](https://www.ncbi.nlm.nih.gov/pmc/articles/PMC3261577/)<br><br> [Search for all PROMIS SRI variables within this dataset](https://sleepdata.org/datasets/bestair/variables?search=promissri)",choices,,past7amount,promissri;promissri_03tired,,,promis_sleep_related_impairment
General Health/Patient Health Questionnaire (PHQ-8),phq8_difficulty,"If you checked off any problems, how difficult have these problems made it for you to do your work, take care of things at home, or get along with other people?",,choices,,phq8_difficult,phq8;phq8_10difficult,,,patient_health_questionnaire
General Health/Patient Health Questionnaire (PHQ-8),phq8_interest,Patient Health Questionnaire 9: Little interest or pleasure in doing things,"Item from Patient Health Questionnaire 8-item. [Kroenke K et al. 2001 (PubMED ID: 11556941)](https://www.ncbi.nlm.nih.gov/pmc/articles/PMC1495268/)<br><br> [Search for all PHQ-8 variables within this dataset](https://sleepdata.org/datasets/bestair/variables?search=phq8) <br><br>Original question: Over the past 2 weeks, how often have you been bothered by any of the following problems? 1. Little interest or pleasure in doing things",choices,,phq8,phq8;phq8_01interest,,,patient_health_questionnaire
General Health/Patient Health Questionnaire (PHQ-8),phq8_down_hopeless,"Patient Health Questionnaire 9: Feeling down, depressed, or hopeless","Item from Patient Health Questionnaire 8-item. [Kroenke K et al. 2001 (PubMED ID: 11556941)](https://www.ncbi.nlm.nih.gov/pmc/articles/PMC1495268/)<br><br> [Search for all PHQ-8 variables within this dataset](https://sleepdata.org/datasets/bestair/variables?search=phq8) <br><br>Original question: Over the past 2 weeks, how often have you been bothered by any of the following problems? 2. Feeling down, depressed, or hopeless",choices,,phq8,phq8;phq8_02depressed,,,patient_health_questionnaire
General Health/Patient Health Questionnaire (PHQ-8),phq8_sleep,"Patient Health Questionnaire 9: Trouble falling or staying asleep, or sleeping too much","Item from Patient Health Questionnaire 8-item. [Kroenke K et al. 2001 (PubMED ID: 11556941)](https://www.ncbi.nlm.nih.gov/pmc/articles/PMC1495268/)<br><br> [Search for all PHQ-8 variables within this dataset](https://sleepdata.org/datasets/bestair/variables?search=phq8) <br><br>Original question: Over the past 2 weeks, how often have you been bothered by any of the following problems? 3. Trouble falling or staying asleep, or sleeping too much",choices,,phq8,phq8;phq8_03asleep,,,patient_health_questionnaire
General Health/Patient Health Questionnaire (PHQ-8),phq8_tired,Patient Health Questionnaire 9: Feeling tired or having little energy,"Item from Patient Health Questionnaire 8-item. [Kroenke K et al. 2001 (PubMED ID: 11556941)](https://www.ncbi.nlm.nih.gov/pmc/articles/PMC1495268/)<br><br> [Search for all PHQ-8 variables within this dataset](https://sleepdata.org/datasets/bestair/variables?search=phq8) <br><br>Original question: Over the past 2 weeks, how often have you been bothered by any of the following problems? 4. Feeling tired or having little energy",choices,,phq8,phq8;phq8_04tired,,,patient_health_questionnaire
General Health/Patient Health Questionnaire (PHQ-8),phq8_appetite,Patient Health Questionnaire 9: Poor appetite or overeating,"Item from Patient Health Questionnaire 8-item. [Kroenke K et al. 2001 (PubMED ID: 11556941)](https://www.ncbi.nlm.nih.gov/pmc/articles/PMC1495268/)<br><br> [Search for all PHQ-8 variables within this dataset](https://sleepdata.org/datasets/bestair/variables?search=phq8) <br><br>Original question: Over the past 2 weeks, how often have you been bothered by any of the following problems? 5. Poor appetite or overeating",choices,,phq8,phq8;phq8_05appetite,,,patient_health_questionnaire
General Health/Patient Health Questionnaire (PHQ-8),phq8_bad_failure,Patient Health Questionnaire 9: Feeling bad about yourself,"Item from Patient Health Questionnaire 8-item. [Kroenke K et al. 2001 (PubMED ID: 11556941)](https://www.ncbi.nlm.nih.gov/pmc/articles/PMC1495268/)<br><br> [Search for all PHQ-8 variables within this dataset](https://sleepdata.org/datasets/bestair/variables?search=phq8) <br><br>Original question: Over the past 2 weeks, how often have you been bothered by any of the following problems? 6. Feeling bad about yourself - or that you are a failure or have let yourself or your family down",choices,,phq8,phq8;phq8_06feelbad,,,patient_health_questionnaire
General Health/Patient Health Questionnaire (PHQ-8),phq8_troubleconcentrating,Patient Health Questionnaire 9: Trouble concentrating,"Item from Patient Health Questionnaire 8-item. [Kroenke K et al. 2001 (PubMED ID: 11556941)](https://www.ncbi.nlm.nih.gov/pmc/articles/PMC1495268/)<br><br> [Search for all PHQ-8 variables within this dataset](https://sleepdata.org/datasets/bestair/variables?search=phq8) <br><br>Original question: Over the past 2 weeks, how often have you been bothered by any of the following problems? 7. Trouble concentrating on things, such as reading the newspaper or watching television",choices,,phq8,phq8;phq8_07concentrate,,,patient_health_questionnaire
General Health/Patient Health Questionnaire (PHQ-8),phq8_movingslowly,Patient Health Questionnaire 9: Moving or speaking slowly,"Item from Patient Health Questionnaire 8-item. [Kroenke K et al. 2001 (PubMED ID: 11556941)](https://www.ncbi.nlm.nih.gov/pmc/articles/PMC1495268/)<br><br> [Search for all PHQ-8 variables within this dataset](https://sleepdata.org/datasets/bestair/variables?search=phq8) <br><br>Original question: Over the past 2 weeks, how often have you been bothered by any of the following problems? 8. Moving or speaking so slowly that other people could have noticed. Or the opposite - being so fidgety or restless that you have been moving arounda lot more than usual",choices,,phq8,phq8;phq8_08slow,,,patient_health_questionnaire
General Health/Patient Health Questionnaire (PHQ-8),phq8_total,Patient Health Questionnaire 8: Total Score,Summary score for Patient Health Questionnaire 8-item. [Kroenke K et al. 2001 (PubMED ID: 11556941)](https://www.ncbi.nlm.nih.gov/pmc/articles/PMC1495268/)<br><br> [Search for all PHQ-8 variables within this dataset](https://sleepdata.org/datasets/bestair/variables?search=phq8),integer,,,phq8;phq8_total,,TRUE,patient_health_questionnaire
Sleep Questionnaires/Self-Efficacy Measure of Sleep Apnea (SEMA),semsa_oe,Outcome expectancies subscale,From Self-Efficacy Measure of Sleep Apnea (SEMA). [Weaver et. al 2003 (PubMed ID: 14572127)](https://www.ncbi.nlm.nih.gov/pubmed/14572127)<br><br> [Search for all Self-Efficacy Measure of Sleep Apnea variables within this dataset](https://sleepdata.org/datasets/bestair/variables?search=sema),numeric,,,semsa,,,
Sleep Questionnaires/Self-Efficacy Measure of Sleep Apnea (SEMA),semsa_oe_nmiss,Number of missing items of outcome expectancies subscale,From Self-Efficacy Measure of Sleep Apnea (SEMA). [Weaver et. al 2003 (PubMed ID: 14572127)](https://www.ncbi.nlm.nih.gov/pubmed/14572127)<br><br> [Search for all Self-Efficacy Measure of Sleep Apnea variables within this dataset](https://sleepdata.org/datasets/bestair/variables?search=sema),integer,,,semsa,,,
Sleep Questionnaires/Self-Efficacy Measure of Sleep Apnea (SEMA),semsa_pr,Perceived risk subscale,From Self-Efficacy Measure of Sleep Apnea (SEMA). [Weaver et. al 2003 (PubMed ID: 14572127)](https://www.ncbi.nlm.nih.gov/pubmed/14572127)<br><br> [Search for all Self-Efficacy Measure of Sleep Apnea variables within this dataset](https://sleepdata.org/datasets/bestair/variables?search=sema),numeric,,,semsa,,,
Sleep Questionnaires/Self-Efficacy Measure of Sleep Apnea (SEMA),semsa_pr_nmiss,Number of missing items of perceived risk subscale,From Self-Efficacy Measure of Sleep Apnea (SEMA). [Weaver et. al 2003 (PubMed ID: 14572127)](https://www.ncbi.nlm.nih.gov/pubmed/14572127)<br><br> [Search for all Self-Efficacy Measure of Sleep Apnea variables within this dataset](https://sleepdata.org/datasets/bestair/variables?search=sema),integer,,,semsa,,,
Sleep Questionnaires/Self-Efficacy Measure of Sleep Apnea (SEMA),semsa_tse,Treatment self-efficacy subscale,From Self-Efficacy Measure of Sleep Apnea (SEMA). [Weaver et. al 2003 (PubMed ID: 14572127)](https://www.ncbi.nlm.nih.gov/pubmed/14572127)<br><br> [Search for all Self-Efficacy Measure of Sleep Apnea variables within this dataset](https://sleepdata.org/datasets/bestair/variables?search=sema),numeric,,,semsa,,,
Sleep Questionnaires/Self-Efficacy Measure of Sleep Apnea (SEMA),semsa_tse_nmiss,Number of missing items of treatment self-efficacy subscale,From Self-Efficacy Measure of Sleep Apnea (SEMA). [Weaver et. al 2003 (PubMed ID: 14572127)](https://www.ncbi.nlm.nih.gov/pubmed/14572127)<br><br> [Search for all Self-Efficacy Measure of Sleep Apnea variables within this dataset](https://sleepdata.org/datasets/bestair/variables?search=sema),integer,,,semsa,,,
Sleep Questionnaires/Sleep Disturbance/Women's Health Initiative Insomnia Rating Scale (WHIIRS),shq_trasleep,Women's Health Initiative Insomnia Rating Scale: Trouble falling asleep,Item from the Women's Health Initiative Insomnia Rating Scale. [Levine et al.(2003)](https://psycnet.apa.org/record/2003-06188-004) <br><br> [Search for all WHIIRS variables within this dataset](https://sleepdata.org/datasets/bestair/variables?search=whiirs)<br><Br>Original Question: Pick the answer that best describes how often you experienced the situation in the LAST 4 WEEKS. 7A. Did you have trouble falling asleep?,choices,,whiirs,whiirs;whiirs_1fallasleep,,,insomnia_rating_scale
Sleep Questionnaires/Sleep Disturbance/Women's Health Initiative Insomnia Rating Scale (WHIIRS),shq_trbacktosleep,Women's Health Initiative Insomnia Rating Scale: Trouble getting back to sleep after waking too early,Item from the Women's Health Initiative Insomnia Rating Scale. [Levine et al.(2003)](https://psycnet.apa.org/record/2003-06188-004) <br><br> [Search for all WHIIRS variables within this dataset](https://sleepdata.org/datasets/bestair/variables?search=whiirs)<br><Br>Original Question: Pick the answer that best describes how often you experienced the situation in the LAST 4 WEEKS. 7D. Did you have trouble getting back to sleep after you woke up too early?,choices,,whiirs,whiirs;whiirs_4backtosleep,,,insomnia_rating_scale
Sleep Questionnaires/Sleep Disturbance/Women's Health Initiative Insomnia Rating Scale (WHIIRS),shq_typnightsleep,Women's Health Initiative Insomnia Rating Scale: Typical night sleep,"Item from the Women's Health Initiative Insomnia Rating Scale. [Levine et al.(2003)](https://psycnet.apa.org/record/2003-06188-004) <br><br> [Search for all WHIIRS variables within this dataset](https://sleepdata.org/datasets/bestair/variables?search=whiirs)<br><Br>Original Question: Pick the answer that best describes how often you experienced the situation in the LAST 4 WEEKS. 8. Overall, was your typical nights sleep during the LAST 4 WEEKS",choices,,whiirs_typical,whiirs;whiirs_5quality,,,insomnia_rating_scale
Sleep Questionnaires/Sleep Disturbance/Women's Health Initiative Insomnia Rating Scale (WHIIRS),shq_wokeupearly,Women's Health Initiative Insomnia Rating Scale: Wake earlier than planned,Item from the Women's Health Initiative Insomnia Rating Scale. [Levine et al.(2003)](https://psycnet.apa.org/record/2003-06188-004) <br><br> [Search for all WHIIRS variables within this dataset](https://sleepdata.org/datasets/bestair/variables?search=whiirs)<br><Br>Original Question: Pick the answer that best describes how often you experienced the situation in the LAST 4 WEEKS. 7C. Did you wake up earlier than you planned to?,choices,,whiirs,whiirs;whiirs_3earlywake,,,insomnia_rating_scale
Sleep Questionnaires/Sleep Disturbance/Women's Health Initiative Insomnia Rating Scale (WHIIRS),shq_wokeupsev,Women's Health Initiative Insomnia Rating Scale: Wake several times at night,Item from the Women's Health Initiative Insomnia Rating Scale. [Levine et al.(2003)](https://psycnet.apa.org/record/2003-06188-004) <br><br> [Search for all WHIIRS variables within this dataset](https://sleepdata.org/datasets/bestair/variables?search=whiirs)<br><Br>Original Question: Pick the answer that best describes how often you experienced the situation in the LAST 4 WEEKS. 7B. Did you wake up several times at night?,choices,,whiirs,whiirs;whiirs_2freqwake,,,insomnia_rating_scale
Sleep Questionnaires/Sleep Disturbance/Women's Health Initiative Insomnia Rating Scale (WHIIRS),whiirs_total,Total score of the Women's Health Initiative Insomnia Rating Scale (WHIIRS),"Calculated - The Women’s Health Initiative Insomnia Rating Scale (WHIIRS) has 5 items. Each item is scored on a 5 point scale (from 0-4). The total score is the sum of all five items ranging from 0 to 20. Higher score indicates more severe insomnia. A score of 9 or higher is considered clinically significant insomnia.<br><br>Reference: [Levine, D. W., Kaplan, R. M., Kripke, D. F., Bowen, D. J., Naughton, M. J., & Shumaker, S. A. (2003). Factor structure and measurement invariance of the Women's Health Initiative Insomnia Rating Scale. Psychological Assessment, 15, 123-136.](https://www.ncbi.nlm.nih.gov/pubmed/12847773)  [Levine et al.(2003)](https://psycnet.apa.org/record/2003-06188-004) <br><br> [Search for all WHIIRS variables within this dataset](https://sleepdata.org/datasets/bestair/variables?search=whiirs)",integer,,,whiirs;whiirs_score,,TRUE,insomnia_rating_scale
Sleep Questionnaires/Sleep Disturbance/Women's Health Initiative Insomnia Rating Scale (WHIIRS),shq_trpills,Took sleep pills,Pick the answer that best describes how often you experienced the situation in the LAST 4 WEEKS. 7E. Did you take sleeping pills to help you sleep?,choices,,whiirs,insomnia,,,insomnia_rating_scale
Sleep Monitoring/Polysomnography/Apnea-Hypopnea Indices,ahi_primary,Apnea-Hypopnea Index: (All apneas with no oxygen desaturation threshold used + hypopneas with > 30% flow reduction and with >= 4% oxygen desaturation) / hour of sleep from type III home sleep apnea test,"Calculated - Summary metric of sleep disordered breathing events. The definition of hypopnea events is consistent with the following clinical guidelines: (1) AASM 2012 update (recommended) [Berry RB et al. 2012 (PubMed ID:23066376)] (https://www.ncbi.nlm.nih.gov/pubmed/23066376), and (2) AASM 2015 (acceptable) [Berry RB et al. The AASM Manual for the Scoring of Sleep and Associated Events: Rules, Terminology and Technical Specifications, Version 2.2. American Academy of Sleep Medicine, Darien, IL, 2015.].",numeric,events per hour,,ahi_ap0nhp3x4n_f1t3;aasm15_acceptable,,TRUE,
Sleep Monitoring/Polysomnography/Administrative,ahi_primary_source,Read source of Apnea-Hypopnea Index (AHI),,choices,,ahisource,,,,
Sleep Monitoring/Polysomnography/Signal Quality,embqs_abdomen_qcode,Abdomen signal quality code,,choices,,embletta_signal_quality,,,,
Sleep Monitoring/Polysomnography/Signal Quality,embqs_abdomen_signal,Abdomen hours of useable signal,,integer,,,,,,
Sleep Monitoring/Polysomnography/Administrative,embqs_analysis_start,Analysis start time,,time,,,,,,
Sleep Monitoring/Polysomnography/Administrative,embqs_analysis_stop,Analysis stop time,,time,,,,,,
Sleep Monitoring/Polysomnography/Signal Quality,embqs_cannula_flow_qcode,Cannula flow/pressure signal quality code,,choices,,embletta_signal_quality,,,,
Sleep Monitoring/Polysomnography/Signal Quality,embqs_cannula_flow_signal,Cannula flow/pressure hours of useable signal,,integer,,,,,,
Sleep Monitoring/Polysomnography/Signal Quality,embqs_ekg_qcode,EKG signal quality code,,choices,,embletta_signal_quality,,,,
Sleep Monitoring/Polysomnography/Signal Quality,embqs_ekg_signal,EKG hours of useable signal,,integer,,,,,,
Sleep Monitoring/Polysomnography/Signal Quality,embqs_flow_qcode,Flow signal quality code,,choices,,embletta_signal_quality,,,,
Sleep Monitoring/Polysomnography/Signal Quality,embqs_flow_signal,Flow hours of useable signal,,integer,,,,,,
Sleep Monitoring/Polysomnography/Signal Quality,embqs_overall_quality,Overall study quality,,choices,,study_quality,,,,
Sleep Monitoring/Polysomnography/Signal Quality,embqs_oximetry_qcode,Oximetry signal quality code,,choices,,embletta_signal_quality,,,,
Sleep Monitoring/Polysomnography/Signal Quality,embqs_oximetry_signal,Oximetry hours of useable signal,,integer,,,,,,
Sleep Monitoring/Polysomnography/Signal Quality,embqs_thoracic_qcode,Thoracic signal quality code,,choices,,embletta_signal_quality,,,,
Sleep Monitoring/Polysomnography/Signal Quality,embqs_thoracic_signal,Thoracic hours of useable signal,,integer,,,,,,
Sleep Monitoring/Polysomnography/Administrative,embqs_total_recording_time,Total recording time,,time,,,,,,
Sleep Monitoring/Polysomnography/Sleep Architecture,slp_eff,Sleep Efficiency: the proportion of sleep duration in in-bed period from type III polysomnography,"Calculated. Sleep duration is the interval between sleep onset time and lights on/out-bed time while asleep, while in-bed period is the interval between lights off/in-bed time and lights on/out-bed time. Conventionally, this variable could be described as the ratio between total sleep time (TST) and time in bed (TIB).",numeric,percent (%),,ttleffbd_f1t3,,TRUE,
Sleep Monitoring/Polysomnography/Sleep Architecture,waso,Wake After Sleep Onset: the total duration between sleep onset and lights-on/out-bed time while being awake from type III polysomnography,,numeric,minutes (min),,ttldurws_f1t3,,TRUE,
Harmonized/Polysomnography/Apnea-Hypopnea Indices,nsrr_ahi_hp4u_aasm15,Apnea-Hypopnea Index : (All apneas + hypopneas with >=30% nasal cannula [or alternative sensor] reduction with >= 4% oxygen desaturation) / hour of sleep,"Harmonized by the NSRR team.<br><br>The definition of hypopnea events is consistent with the following clinical guidelines: (1) AASM 2012 update (alternative) [Berry RB et al. 2012 (PubMed ID:23066376)](https://www.ncbi.nlm.nih.gov/pubmed/23066376), and (2) AASM 2015 (acceptable) [Berry RB et al. The AASM Manual for the Scoring of Sleep and Associated Events: Rules, Terminology and Technical Specifications, Version 2.2. American Academy of Sleep Medicine, Darien, IL, 2015.].<br><br> Data collected with no EEGs. Refer to the source for detailed definition for respiratory events: :ahi_primary:",numeric,events per hour,,ahi_ap0nhp3x4n_f1t3,,TRUE,
